layer,module,loss,samples,damp,time
0,self_attn.v_proj,0.0000003669,0.05000,6.745
0,self_attn.k_proj,0.0000036807,0.05000,6.666
0,self_attn.q_proj,0.0000129256,0.05000,6.759
0,self_attn.o_proj,0.0000000019,0.05000,1.708
0,mlp.up_proj,0.0000080087,0.05000,3.559
0,mlp.gate_proj,0.0000092414,0.05000,3.578
0,mlp.down_proj,0.0000000099,0.05000,6.699
1,self_attn.v_proj,0.0000026985,0.05000,7.347
1,self_attn.k_proj,0.0000157690,0.05000,7.404
1,self_attn.q_proj,0.0000357736,0.05000,7.434
1,self_attn.o_proj,0.0000000048,0.05000,1.783
1,mlp.gate_proj,0.0000287544,0.05000,3.900
1,mlp.up_proj,0.0000251918,0.05000,3.922
1,mlp.down_proj,0.0000185079,0.05000,6.780
2,self_attn.v_proj,0.0000134897,0.05000,6.864
2,self_attn.q_proj,0.0002092766,0.05000,6.905
2,self_attn.k_proj,0.0001005387,0.05000,6.929
2,self_attn.o_proj,0.0000000069,0.05000,1.774
2,mlp.gate_proj,0.0000582364,0.05000,4.337
2,mlp.up_proj,0.0000508800,0.05000,4.352
2,mlp.down_proj,0.0000000142,0.05000,7.144
3,self_attn.k_proj,0.0000522342,0.05000,6.296
3,self_attn.v_proj,0.0000088111,0.05000,6.328
3,self_attn.q_proj,0.0001082724,0.05000,6.390
3,self_attn.o_proj,0.0000000245,0.05000,1.729
3,mlp.gate_proj,0.0000937990,0.05000,3.425
3,mlp.up_proj,0.0000811139,0.05000,3.431
3,mlp.down_proj,0.0000000302,0.05000,6.918
4,self_attn.k_proj,0.0000690954,0.05000,6.529
4,self_attn.q_proj,0.0001568964,0.05000,6.556
4,self_attn.v_proj,0.0000139144,0.05000,6.565
4,self_attn.o_proj,0.0000000149,0.05000,1.577
4,mlp.gate_proj,0.0001309646,0.05000,3.690
4,mlp.up_proj,0.0001062585,0.05000,3.723
4,mlp.down_proj,0.0000000506,0.05000,6.952
5,self_attn.k_proj,0.0000862502,0.05000,6.295
5,self_attn.q_proj,0.0001958033,0.05000,6.321
5,self_attn.v_proj,0.0000148938,0.05000,6.346
5,self_attn.o_proj,0.0000000393,0.05000,1.659
5,mlp.up_proj,0.0001322273,0.05000,3.640
5,mlp.gate_proj,0.0001738364,0.05000,3.652
5,mlp.down_proj,0.0000000832,0.05000,7.060
6,self_attn.k_proj,0.0000856362,0.05000,6.395
6,self_attn.v_proj,0.0000152322,0.05000,6.414
6,self_attn.q_proj,0.0001844985,0.05000,6.436
6,self_attn.o_proj,0.0000000397,0.05000,1.692
6,mlp.gate_proj,0.0002036837,0.05000,3.626
6,mlp.up_proj,0.0001584965,0.05000,3.655
6,mlp.down_proj,0.0000001121,0.05000,6.876
7,self_attn.k_proj,0.0001059856,0.05000,6.576
7,self_attn.v_proj,0.0000198305,0.05000,6.622
7,self_attn.q_proj,0.0002244349,0.05000,6.636
7,self_attn.o_proj,0.0000000769,0.05000,1.731
7,mlp.gate_proj,0.0002411173,0.05000,3.572
7,mlp.up_proj,0.0001832578,0.05000,3.588
7,mlp.down_proj,0.0000001511,0.05000,6.777
8,self_attn.k_proj,0.0000862796,0.05000,6.591
8,self_attn.v_proj,0.0000189895,0.05000,6.614
8,self_attn.q_proj,0.0001908261,0.05000,6.621
8,self_attn.o_proj,0.0000000940,0.05000,1.764
8,mlp.gate_proj,0.0002649829,0.05000,3.666
8,mlp.up_proj,0.0002051655,0.05000,3.676
8,mlp.down_proj,0.0000001801,0.05000,6.894
9,self_attn.k_proj,0.0001180037,0.05000,6.680
9,self_attn.v_proj,0.0000218999,0.05000,6.743
9,self_attn.q_proj,0.0002548022,0.05000,6.774
9,self_attn.o_proj,0.0000001201,0.05000,1.636
9,mlp.gate_proj,0.0002792716,0.05000,3.624
9,mlp.up_proj,0.0002236318,0.05000,3.639
9,mlp.down_proj,0.0000002250,0.05000,6.936
10,self_attn.k_proj,0.0001105855,0.05000,6.483
10,self_attn.v_proj,0.0000198823,0.05000,6.523
10,self_attn.q_proj,0.0002344705,0.05000,6.529
10,self_attn.o_proj,0.0000001785,0.05000,1.635
10,mlp.up_proj,0.0002321123,0.05000,3.917
10,mlp.gate_proj,0.0002825075,0.05000,3.930
10,mlp.down_proj,0.0000002509,0.05000,6.982
11,self_attn.q_proj,0.0002738611,0.05000,6.561
11,self_attn.k_proj,0.0001243943,0.05000,6.580
11,self_attn.v_proj,0.0000280776,0.05000,6.603
11,self_attn.o_proj,0.0000002422,0.05000,1.840
11,mlp.up_proj,0.0002574136,0.05000,3.578
11,mlp.gate_proj,0.0003087615,0.05000,3.597
11,mlp.down_proj,0.0000002919,0.05000,7.077
12,self_attn.v_proj,0.0000319908,0.05000,6.747
12,self_attn.k_proj,0.0001621162,0.05000,6.758
12,self_attn.q_proj,0.0003618908,0.05000,6.783
12,self_attn.o_proj,0.0000002180,0.05000,1.736
12,mlp.up_proj,0.0002906347,0.05000,3.708
12,mlp.gate_proj,0.0003406922,0.05000,3.723
12,mlp.down_proj,0.0000003361,0.05000,7.078
13,self_attn.q_proj,0.0002882460,0.05000,6.363
13,self_attn.v_proj,0.0000308286,0.05000,6.407
13,self_attn.k_proj,0.0001390301,0.05000,6.428
13,self_attn.o_proj,0.0000003390,0.05000,1.775
13,mlp.gate_proj,0.0003705752,0.05000,3.543
13,mlp.up_proj,0.0003254246,0.05000,3.560
13,mlp.down_proj,0.0000004076,0.05000,6.999
14,self_attn.q_proj,0.0003209172,0.05000,6.628
14,self_attn.k_proj,0.0001343872,0.05000,6.643
14,self_attn.v_proj,0.0000479743,0.05000,6.657
14,self_attn.o_proj,0.0000004416,0.05000,1.642
14,mlp.up_proj,0.0003635263,0.05000,3.589
14,mlp.gate_proj,0.0004162439,0.05000,3.612
14,mlp.down_proj,0.0000005207,0.05000,6.875
15,self_attn.v_proj,0.0000536990,0.05000,6.571
15,self_attn.k_proj,0.0001723344,0.05000,6.604
15,self_attn.q_proj,0.0003960188,0.05000,6.629
15,self_attn.o_proj,0.0000004803,0.05000,1.580
15,mlp.gate_proj,0.0004840630,0.05000,3.825
15,mlp.up_proj,0.0004074841,0.05000,3.884
15,mlp.down_proj,0.0000006748,0.05000,6.839
16,self_attn.v_proj,0.0000513523,0.05000,6.522
16,self_attn.q_proj,0.0003572340,0.05000,6.552
16,self_attn.k_proj,0.0001607056,0.05000,6.567
16,self_attn.o_proj,0.0000005734,0.05000,1.679
16,mlp.gate_proj,0.0005726050,0.05000,3.561
16,mlp.up_proj,0.0004570635,0.05000,3.573
16,mlp.down_proj,0.0000009189,0.05000,6.849
17,self_attn.k_proj,0.0001322802,0.05000,6.463
17,self_attn.q_proj,0.0003212103,0.05000,6.527
17,self_attn.v_proj,0.0000478426,0.05000,6.542
17,self_attn.o_proj,0.0000006862,0.05000,1.726
17,mlp.gate_proj,0.0006553211,0.05000,3.511
17,mlp.up_proj,0.0005237138,0.05000,3.511
17,mlp.down_proj,0.0000012676,0.05000,7.104
18,self_attn.k_proj,0.0001549924,0.05000,6.525
18,self_attn.q_proj,0.0004042420,0.05000,6.586
18,self_attn.v_proj,0.0000578022,0.05000,6.611
18,self_attn.o_proj,0.0000006350,0.05000,1.730
18,mlp.up_proj,0.0005949819,0.05000,3.417
18,mlp.gate_proj,0.0007438781,0.05000,3.434
18,mlp.down_proj,0.0000019059,0.05000,7.003
19,self_attn.v_proj,0.0000689614,0.05000,6.629
19,self_attn.k_proj,0.0001569613,0.05000,6.716
19,self_attn.q_proj,0.0003789029,0.05000,6.734
19,self_attn.o_proj,0.0000006668,0.05000,1.634
19,mlp.up_proj,0.0006619434,0.05000,3.721
19,mlp.gate_proj,0.0008428765,0.05000,3.744
19,mlp.down_proj,0.0000026259,0.05000,6.958
20,self_attn.v_proj,0.0000780455,0.05000,6.473
20,self_attn.k_proj,0.0001662756,0.05000,6.525
20,self_attn.q_proj,0.0004208287,0.05000,6.575
20,self_attn.o_proj,0.0000012081,0.05000,1.674
20,mlp.gate_proj,0.0009744163,0.05000,3.747
20,mlp.up_proj,0.0007458837,0.05000,3.767
20,mlp.down_proj,0.0000027051,0.05000,7.045
21,self_attn.q_proj,0.0004156039,0.05000,6.758
21,self_attn.k_proj,0.0001642639,0.05000,6.773
21,self_attn.v_proj,0.0000820405,0.05000,6.793
21,self_attn.o_proj,0.0000011251,0.05000,1.639
21,mlp.up_proj,0.0008343166,0.05000,3.760
21,mlp.gate_proj,0.0011697693,0.05000,3.802
21,mlp.down_proj,0.0000030037,0.05000,7.012
22,self_attn.q_proj,0.0004086197,0.05000,6.716
22,self_attn.k_proj,0.0001578457,0.05000,6.749
22,self_attn.v_proj,0.0000863864,0.05000,6.775
22,self_attn.o_proj,0.0000009450,0.05000,1.814
22,mlp.up_proj,0.0009215265,0.05000,3.788
22,mlp.gate_proj,0.0012793794,0.05000,3.789
22,mlp.down_proj,0.0000032389,0.05000,7.085
23,self_attn.v_proj,0.0000913103,0.05000,6.692
23,self_attn.q_proj,0.0004130595,0.05000,6.724
23,self_attn.k_proj,0.0001590881,0.05000,6.747
23,self_attn.o_proj,0.0000009371,0.05000,1.663
23,mlp.up_proj,0.0010212209,0.05000,3.540
23,mlp.gate_proj,0.0014222965,0.05000,3.587
23,mlp.down_proj,0.0000036208,0.05000,6.804
24,self_attn.k_proj,0.0001825018,0.05000,6.598
24,self_attn.q_proj,0.0004710430,0.05000,6.625
24,self_attn.v_proj,0.0001057117,0.05000,6.636
24,self_attn.o_proj,0.0000011562,0.05000,1.663
24,mlp.up_proj,0.0011511052,0.05000,3.703
24,mlp.gate_proj,0.0016340287,0.05000,3.714
24,mlp.down_proj,0.0000039964,0.05000,6.954
25,self_attn.q_proj,0.0004830755,0.05000,6.591
25,self_attn.v_proj,0.0001240186,0.05000,6.608
25,self_attn.k_proj,0.0001805843,0.05000,6.623
25,self_attn.o_proj,0.0000009451,0.05000,1.809
25,mlp.up_proj,0.0012923546,0.05000,3.580
25,mlp.gate_proj,0.0018181835,0.05000,3.595
25,mlp.down_proj,0.0000047389,0.05000,6.922
26,self_attn.v_proj,0.0001328879,0.05000,6.874
26,self_attn.k_proj,0.0001718163,0.05000,6.889
26,self_attn.q_proj,0.0004685323,0.05000,6.894
26,self_attn.o_proj,0.0000017745,0.05000,1.619
26,mlp.gate_proj,0.0019459158,0.05000,3.765
26,mlp.up_proj,0.0014325482,0.05000,3.803
26,mlp.down_proj,0.0000056059,0.05000,6.933
27,self_attn.v_proj,0.0001219787,0.05000,6.758
27,self_attn.q_proj,0.0004871934,0.05000,6.819
27,self_attn.k_proj,0.0001753205,0.05000,6.848
27,self_attn.o_proj,0.0000017712,0.05000,1.689
27,mlp.gate_proj,0.0021548077,0.05000,3.777
27,mlp.up_proj,0.0015958455,0.05000,3.789
27,mlp.down_proj,0.0000067413,0.05000,7.044
28,self_attn.k_proj,0.0001746157,0.05000,7.050
28,self_attn.q_proj,0.0004764257,0.05000,7.074
28,self_attn.v_proj,0.0001769623,0.05000,7.090
28,self_attn.o_proj,0.0000032024,0.05000,1.559
28,mlp.gate_proj,0.0023036113,0.05000,3.778
28,mlp.up_proj,0.0017716617,0.05000,3.823
28,mlp.down_proj,0.0000095499,0.05000,7.019
29,self_attn.q_proj,0.0005350278,0.05000,6.589
29,self_attn.v_proj,0.0002562712,0.05000,6.614
29,self_attn.k_proj,0.0001755145,0.05000,6.657
29,self_attn.o_proj,0.0000057132,0.05000,1.867
29,mlp.gate_proj,0.0022626680,0.05000,3.774
29,mlp.up_proj,0.0018123599,0.05000,3.824
29,mlp.down_proj,0.0000131982,0.05000,7.037
30,self_attn.k_proj,0.0001718693,0.05000,6.715
30,self_attn.v_proj,0.0002924692,0.05000,6.746
30,self_attn.q_proj,0.0005337039,0.05000,6.767
30,self_attn.o_proj,0.0000088050,0.05000,1.841
30,mlp.up_proj,0.0019000151,0.05000,3.680
30,mlp.gate_proj,0.0023338356,0.05000,3.692
30,mlp.down_proj,0.0000226244,0.05000,6.875
31,self_attn.q_proj,0.0004780867,0.05000,6.607
31,self_attn.v_proj,0.0002921328,0.05000,6.638
31,self_attn.k_proj,0.0001583116,0.05000,6.648
31,self_attn.o_proj,0.0000086937,0.05000,1.752
31,mlp.up_proj,0.0017596246,0.05000,3.652
31,mlp.gate_proj,0.0022270179,0.05000,3.672
31,mlp.down_proj,0.0000705186,0.05000,7.020
